,A,B,C,D
2020-01-01,0.29620658539415506,-0.010416761293908804,-0.2240543528510344,-0.00490869448758778
2020-01-02,-0.9455336280355937,-2.1208020273260217,-1.067651405100818,-1.4539127425274547
2020-01-03,-0.05052496556058905,-3.206337016107108,-2.734180817542277,-2.3255478013473176
2020-01-04,0.1348284985435663,-3.6302194377368364,-2.515262542788961,-1.6034094882906995
2020-01-05,0.031182163731091506,-3.8241564990472847,-1.767487014148219,-1.7954126426874508
2020-01-06,-0.7789686807650313,-4.379879891208886,-3.043958450940007,-1.6744376347921544
2020-01-07,0.09789518392405872,-3.8403327035547354,-3.254557132034853,-1.499507558215064
2020-01-08,1.5616311465615764,-5.90421932041402,-3.963814275440927,-0.8503229884236434
2020-01-09,0.20682443301260167,-6.246815044652403,-2.4242778098103424,0.4041797938357017
2020-01-10,0.396277824633699,-4.173847005332004,-1.301606376135846,1.4596325893543578
2020-01-11,2.1490154706187794,-6.17960923323966,-3.06850934310369,0.9911475069548303
2020-01-12,-0.37826135187834353,-5.092338390097413,-3.1654768818762906,3.5192074074893234
2020-01-13,-1.5032395217382304,-5.835918061251296,-2.2399239395605317,3.397529504867801
2020-01-14,-2.0417481488537654,-6.257309565011261,-2.5210216175287465,3.9141422565208446
2020-01-15,-3.9228327299919625,-7.337608594338192,-2.3112145504424886,3.2378274773130897
2020-01-16,-3.7862271787285304,-9.333410440945892,-2.4853787011271757,3.358636049530624
2020-01-17,-3.2830896524051245,-9.014541858130363,-1.529456590734176,3.3123194506538733
2020-01-18,-3.9412226395997583,-9.097513471268996,-0.5003606850058528,1.205226438611302
2020-01-19,-2.9984661094337812,-9.574765395260831,1.3776465831148523,2.40188860065943
2020-01-20,-2.212865900730029,-10.883498493056653,0.2184451149696207,3.5908678512211027
2020-01-21,-2.6694680671700075,-10.664310682401414,0.35993290550207646,3.6041502833876113
2020-01-22,-2.019050284871588,-10.748583991497727,-0.4264466959159561,3.0943077577636933
2020-01-23,0.39413597803179634,-11.411712364936303,1.5873274010496556,1.2144186750453791
2020-01-24,-0.0750112845395457,-11.37655601317151,0.9091727956963662,2.0643463534221347
2020-01-25,0.2803976850644653,-11.598987887662336,-0.6112108141354453,1.592493331990469
2020-01-26,-0.45736533960780634,-12.981106682139625,-1.7388725257738264,2.264120990008048
2020-01-27,-2.53183166331646,-11.95337653766668,-2.3771107604873722,0.7135527132086017
2020-01-28,-1.1699255575335956,-12.493166801998155,-4.495433768445541,1.9743510907176143
2020-01-29,-0.6788288330225631,-11.153746544243187,-3.6996745103530673,2.3856851146484632
2020-01-30,-1.3713767119020348,-11.254573882105529,-4.443336168137683,2.6223195514249618
2020-01-31,-1.5503976392216159,-11.412216625939841,-3.675353235933569,3.610920379267586
2020-02-01,-0.654861880269457,-12.039024829002537,-4.132371987229945,3.2922513234597486
2020-02-02,-0.5729308591771891,-12.812073500443166,-4.702431746691796,4.623695181476251
2020-02-03,1.2592127108660538,-13.332136872409716,-3.367869952413423,6.451702771992679
2020-02-04,1.6554642453203843,-12.887933044162594,-3.617307958986637,6.935515432281461
2020-02-05,1.3945127889109235,-12.169669992399594,-3.656754130539678,5.2623718573573095
2020-02-06,2.3018145274182453,-11.443865711274071,-3.330666087246352,5.080314373185404
2020-02-07,1.077770018418448,-9.83522898326547,-3.445363944819194,4.673397959012029
2020-02-08,2.131085701372987,-9.744522245558333,-4.28264519182361,4.91214141565884
2020-02-09,1.909244109931192,-8.697120423243042,-3.265398397698594,5.484106656973726
2020-02-10,1.6453761950059986,-7.509161897240564,-2.7445585620218877,6.517047880372037
2020-02-11,2.836277357954505,-7.80815129146276,-2.780535766246408,4.98554762648185
2020-02-12,3.922811036593404,-6.661377143245112,-4.197843759249975,4.22623100912815
2020-02-13,2.201294903313368,-6.41820271441971,-6.257103217036287,2.7848231958349867
2020-02-14,1.4436628361699069,-7.799379760597842,-4.508583862676375,4.774093246586231
2020-02-15,1.3181516995469076,-9.812396309544518,-4.92763943560795,4.040486251476627
2020-02-16,1.25438927270919,-10.063905326589403,-4.417155051277305,3.433571088311205
2020-02-17,0.018558442205771852,-11.345384875764676,-4.024323003720809,2.4533058384320765
2020-02-18,0.5031119776760165,-9.47977355152126,-3.689338828065611,3.9295626618716533
2020-02-19,0.32948401531995175,-10.049960887405442,-4.45501090850714,5.26141272463604
2020-02-20,-0.6392406182814786,-10.15277411112867,-2.606422754580632,6.178585163934059
2020-02-21,-0.2514082907557216,-10.295687312270354,-2.21295968483458,5.894229863170075
2020-02-22,-0.6446319552769837,-9.734358625302452,-2.0778126263104526,4.519447068455716
2020-02-23,-1.5688890416073178,-10.977915450179015,-0.5703950358612417,4.965413979830715
2020-02-24,-0.11105653475376065,-10.38307953047275,-0.7772787910631702,5.546231363236451
2020-02-25,-0.2089890888910928,-9.933288000001857,-0.8095469849355136,5.502966933459975
2020-02-26,-0.8223217118485844,-11.054848942787618,-1.5714265964560892,5.845354529403321
2020-02-27,-0.50587092975906,-12.555823499670943,-0.7537398410929294,5.346989692556207
2020-02-28,-0.44937829490548503,-12.895296292007696,-1.2669035311714794,5.0311498375035235
2020-02-29,1.1371971328515649,-15.23927883130809,-1.9008017858469035,4.81158915214124
2020-03-01,2.9108668749255697,-14.424389287155632,-0.03683039289643686,5.546264146875067
2020-03-02,3.4065626725738767,-15.49506818792961,0.31817820783336553,5.910889582082258
2020-03-03,2.570263674114088,-15.287876093627228,1.3013072005770918,5.5364602819107
2020-03-04,2.2591517937746928,-15.595837600376319,1.1922366956007588,4.3999439930533875
2020-03-05,2.5668151305020688,-15.083458674194649,1.2622241466406148,3.710823282794984
2020-03-06,3.259855334922497,-13.457093404402563,1.7591261632788848,5.825398120753761
2020-03-07,4.245142410629342,-15.8216942484707,-0.5708217308825545,4.75833152008336
2020-03-08,4.659870466212024,-16.120526495222677,0.2991019057801019,5.1763196556550195
2020-03-09,2.7601301373997797,-16.838770817006584,0.3245414913245627,5.617129083894539
2020-03-10,2.449686502000122,-17.230146035053682,-0.1532574909960419,7.112929867725939
2020-03-11,2.607420384763553,-18.18121179338117,0.5722747014187327,5.782623227422347
2020-03-12,1.8894072860935984,-17.447091961353184,-0.4427189024654382,5.732347518653111
2020-03-13,0.6872956214380941,-16.819304113871322,-0.48747792179816746,5.405915625073728
2020-03-14,0.28022806508550496,-17.54346085400868,-0.7030044212696106,3.4898954270386
2020-03-15,-0.15620092985017198,-18.104732176916098,0.7934208366266483,2.5782198339275393
2020-03-16,-1.8507813202808223,-18.73680375692894,0.18274299865489263,3.021074946231497
2020-03-17,-1.099200803948836,-20.30602034331134,-2.0589628671547575,4.800726970822649
2020-03-18,-1.7342033355218711,-21.44031575104841,-2.6139388168391684,5.095203423873559
2020-03-19,-0.7913447294406514,-22.43094936135356,-1.8961680394834857,5.380022659559774
2020-03-20,-0.3318665081199336,-22.05052311594342,-1.7318397623139192,4.301822477572744
2020-03-21,-0.10142816191881865,-20.806865320269893,-1.6076038799231436,3.4112522072138165
2020-03-22,0.43853815346559866,-18.952949712256466,-1.1090365034146537,3.1278911781314562
2020-03-23,1.0448511869657646,-17.58160126534226,-0.8644873729954565,3.2264121163650326
2020-03-24,0.36730561607961787,-18.14595607589855,-0.060941846603265404,4.937639761243402
2020-03-25,1.575363762790443,-18.600282156246596,-0.25999645142952227,4.919205110775333
2020-03-26,2.7349772336952416,-19.48334277047582,-0.24326639776962278,4.525326612079505
2020-03-27,1.3834000947774976,-19.658054282030115,1.020943683543683,5.7916015138641574
2020-03-28,1.4633126447970994,-19.205130307937484,1.9862301992228693,4.931086738597984
2020-03-29,1.4985371824122142,-20.104128480447415,2.666210868990814,5.2876965376835905
2020-03-30,1.009073203269971,-19.74732258069734,4.793034774362127,5.539903170890556
2020-03-31,0.9789906732965008,-18.83949205643366,5.225427379951467,5.155298799867348
2020-04-01,0.3579594110370169,-17.291554416906624,4.011076350508468,4.923564188006739
2020-04-02,1.212862199770747,-18.36651753631434,3.2953205250224666,5.324116798602283
2020-04-03,1.2027208207749167,-19.085993146557307,5.014779040164134,8.283486533947833
2020-04-04,1.3131902471740668,-19.5260845032506,6.566557574839996,7.462078181878949
2020-04-05,2.019577132364416,-20.447934443802378,9.186017276149887,8.96566909553771
2020-04-06,0.7795252216440975,-22.20693858577229,8.035518965819756,8.026554314882627
2020-04-07,1.717560389023567,-23.211761718972,9.685233080030038,8.795144343728461
2020-04-08,0.5557333867958167,-23.62768942526723,11.689093083369679,8.492203028915611
2020-04-09,0.47141339113293,-21.976775380803446,10.878865444510799,7.211245050885184
2020-04-10,1.3869221748973617,-21.722927265308897,8.609554666207648,6.664533082699085
2020-04-11,0.4805034771661669,-22.726811025842384,8.460969854917813,6.026179425773315
2020-04-12,-0.588177529787538,-24.05860029133441,10.078650229118274,7.430851337261189
2020-04-13,-0.42453139144358987,-25.00826134243881,12.169388806578773,6.525307806548195
2020-04-14,-0.47517623250788515,-22.986147271535813,10.94394264202991,7.3366837382968715
2020-04-15,-0.2782299653453625,-21.62771263243354,10.942948591602718,7.3979612360198015
2020-04-16,0.4921117318384496,-22.358903990301755,11.004253732199443,6.73280801275443
2020-04-17,0.1496752821462276,-22.163323203148607,13.002078251855348,5.758005384233806
2020-04-18,0.2998672162520151,-21.300944121648733,12.834869520351802,6.84266736787966
2020-04-19,-0.551059311334823,-20.584003597856835,13.67956460095823,6.184220413432001
2020-04-20,-0.07835436912122634,-20.7497106417248,14.832220160420794,6.7961160151466675
2020-04-21,1.7608044090357127,-19.966679005397374,13.925267602927253,4.483457732800377
2020-04-22,3.347061301814879,-20.00689847363889,14.553769984757992,4.033026757617499
2020-04-23,3.0731176930847344,-18.67463942159922,15.013811488504203,3.2114747787659548
2020-04-24,3.8483726611327294,-17.49955631211896,12.649819981128067,4.322733420999802
2020-04-25,4.527758551301487,-17.08611881369227,12.16015754603401,5.918316986875954
2020-04-26,3.525078694959409,-17.729401365437415,11.766764928180192,5.8535614109406575
2020-04-27,3.5030202418557956,-19.523839459967395,11.418648447871659,6.590597004277017
2020-04-28,3.543470584388946,-19.74233036764356,11.660237676616218,7.651539126298123
2020-04-29,3.065294355936791,-19.51198561487601,11.396051373477324,7.070093154502892
2020-04-30,3.803275033897426,-19.52295534261555,11.25088041391451,7.160512586321262
2020-05-01,3.566690478530124,-19.75448469158152,9.38039249464732,7.547781350368091
2020-05-02,2.704852158600659,-18.327888262519895,9.590870418100653,6.824971098453789
2020-05-03,4.339993822536459,-18.898476741593935,8.681980819225462,6.713981749789498
2020-05-04,2.766544450995569,-19.101389887007954,9.267249003392507,6.505937680191807
2020-05-05,3.4849243068755893,-19.391564680915113,8.601680328836657,5.044643869257151
2020-05-06,4.333456443827463,-19.4395049433787,8.910627175907468,3.463358382646148
2020-05-07,6.059033977803361,-18.2648024878202,10.560174407918753,3.0768168200793173
2020-05-08,5.572712859113772,-17.460306569007564,9.282143255484101,2.0182514279479404
2020-05-09,4.495988598327477,-17.366490721709596,7.258547216216506,1.6435069442071384
2020-05-10,5.370341053637312,-18.366409304001007,6.210958409054114,0.7047570814598587
2020-05-11,6.414762693547015,-19.088408270347667,6.102403016183802,3.3948720754856616
2020-05-12,5.339645274598589,-18.941115332107376,5.645658130494512,2.3410220035813345
2020-05-13,5.278008769220182,-16.791803780725413,6.694530345493224,3.6494965730861635
2020-05-14,4.4305391791706725,-18.661383308264366,5.492566977806588,3.4232768343099766
2020-05-15,4.813982967971015,-18.05595912556104,6.124438111266958,4.4934209715397735
2020-05-16,4.883628724545823,-17.53837282743669,4.168024739354282,4.295796440854451
2020-05-17,4.459737033406569,-17.802104027163583,3.3972506766872472,3.536401998031927
2020-05-18,3.4023302355791136,-17.116533503960927,3.9002664654977925,2.498020554660855
2020-05-19,1.9951153694442134,-17.12954339576447,3.1140073416803156,2.8728162806776067
2020-05-20,1.6638516326678157,-15.668744311334512,1.9668481124155655,3.535080370882306
2020-05-21,1.2835744407087832,-15.15450240076368,2.188695934471606,2.836067716000473
2020-05-22,0.5991712327942557,-14.259039808242107,2.7930728923779937,3.332154398749299
2020-05-23,0.7089974846049755,-14.105169569886986,2.6855718849720662,3.675274245489081
2020-05-24,0.41281714327185115,-14.753179380442777,3.878171883663403,4.1361870699375825
2020-05-25,0.012061141326403235,-15.73688684379486,4.339769071979899,4.086417701781573
2020-05-26,0.3308186439393638,-17.01562649874843,3.8471697550358757,2.7794682488341227
2020-05-27,0.2832870732250571,-16.572320655532106,5.130088930613824,2.3257145120743297
2020-05-28,-0.035519262279884556,-16.81045375619539,5.178988237559226,2.2899158604770866
2020-05-29,-0.9879842398693104,-16.681858836687542,6.3828470137591005,2.8983949890449314
2020-05-30,-0.5375311476744393,-15.445027748093667,5.93984881720772,3.337177459098787
2020-05-31,0.4040917638275098,-15.0302296801681,6.052499992289239,2.8128953668549324
2020-06-01,0.784815675778932,-15.486764838206124,6.4246997027050945,4.907603064936661
2020-06-02,-0.22797529257035598,-15.062004974421086,4.98347536019042,3.2014395859204647
2020-06-03,-1.0427027348537607,-15.13015908309301,6.036816034898079,4.149421974402248
2020-06-04,-1.0686471004281293,-15.166253530797624,6.0214680887305825,4.164431920337806
2020-06-05,-2.838220744154544,-15.440896698665059,6.9795551070920405,4.355897146557185
2020-06-06,-3.97930113732477,-15.768733531310254,7.582833862983502,5.655257846153565
2020-06-07,-4.812795457408173,-16.68476633048415,7.952530007102188,5.649712050782295
2020-06-08,-5.354753298919459,-17.331100699805717,8.06764124859039,5.016704509301348
2020-06-09,-4.051188448660893,-17.73256030414877,9.369238216440001,4.529393070482497
2020-06-10,-3.5957240940301736,-16.386618224167496,9.371103894110004,5.521867139143315
2020-06-11,-3.968953312914284,-14.970500422983603,10.134706036851226,6.5891501049140615
2020-06-12,-4.650652216527669,-14.479803071032432,11.646013364052923,5.763122284460397
2020-06-13,-3.7063398408561437,-13.22397145557578,10.574554974746993,5.171702393081826
2020-06-14,-4.09210220703187,-12.551310502485183,11.712738793387464,4.739259546036381
2020-06-15,-4.780259437710567,-12.134737355729264,11.42083944332975,4.306938951103666
2020-06-16,-3.710439853416699,-11.739367798494198,11.939181996396856,4.531224009996517
2020-06-17,-2.1708376054268954,-10.524302339224166,14.252422752692402,5.294239620789352
2020-06-18,-0.9568222220665603,-10.106423304060238,14.156117367564494,5.734762339922096
2020-06-19,-2.4540193457961976,-12.209777549034252,14.364624744670552,6.018325160898761
2020-06-20,-3.2040761768464234,-13.428582048650188,14.767307640118267,5.14038317684441
2020-06-21,-5.6584960059067075,-10.840931023346396,14.145648346151905,4.883783705824389
2020-06-22,-4.20397507272452,-12.24998232773258,14.162878307542918,5.070601803536617
2020-06-23,-4.029270642981843,-11.055501523070674,13.355476617777892,3.240750938581268
2020-06-24,-4.698047876098139,-10.154175555723834,12.048567182844991,3.1446987266040445
2020-06-25,-4.4618939835658304,-9.319955388658503,13.555009721173906,1.2356222576056028
2020-06-26,-4.08945325089563,-9.328573939833255,14.538874011781527,4.105966579186456
2020-06-27,-4.03600365131616,-11.493697316066779,15.052357599460153,4.55581444096493
2020-06-28,-3.54920953289358,-11.771826574460379,14.79397783715619,4.173100318481937
2020-06-29,-5.208757086504228,-11.455753345267464,15.22806469700609,3.6693208076721864
2020-06-30,-5.353209085239691,-9.542299367626105,13.547570259122205,3.8092902896844083
2020-07-01,-4.667004474401225,-9.218901693496951,13.608744565437247,4.290858445745757
2020-07-02,-6.310827313429544,-8.165972045416845,14.864660361200125,3.8421910086634603
2020-07-03,-7.096789648101382,-8.27928596919645,15.039770898158615,3.231578294587603
2020-07-04,-7.135898333570079,-7.258930545112546,14.40566644245508,3.8195939599836883
2020-07-05,-6.699367706406563,-7.695911580066507,14.415793159367567,4.394838541642136
2020-07-06,-7.093351604857254,-6.474465881622643,14.895903498932553,5.148397432481981
2020-07-07,-6.745009476853364,-6.561307759608068,15.116614096945206,4.486379516366937
2020-07-08,-8.10066998335218,-5.831039002804631,15.07232998021842,4.813341921414975
2020-07-09,-8.830743082547327,-6.100851904589143,14.297312708672195,5.938109326527338
2020-07-10,-10.346652762616468,-6.605645039186113,12.308294581468513,5.782275873915701
2020-07-11,-9.854885609943992,-6.58780430589549,13.049596990667801,3.6649171864168295
2020-07-12,-9.225780095901808,-8.577588788119973,12.62427828867305,5.28370038364974
2020-07-13,-7.702468834509241,-7.132909409511576,12.539803895861253,6.086764458949206
2020-07-14,-6.026195578273912,-7.758222343755882,12.981934388110778,6.203890478660235
2020-07-15,-6.488237946483721,-8.42688219998007,12.689661992319742,7.2326067780497105
2020-07-16,-6.3862885962954685,-8.286907211526024,11.483638529724418,8.173416407078797
2020-07-17,-6.685420313706342,-8.959249871641225,13.255955822941639,7.909286006542736
2020-07-18,-6.326381208831689,-8.239332643020166,13.055049614552118,7.69793388759885
2020-07-19,-6.565879519054443,-7.364140591889311,12.899144232559848,7.520205840073534
2020-07-20,-8.113463359469042,-6.7373141978188835,13.759146485223926,8.059453057982227
2020-07-21,-8.675340860773405,-6.719111652505502,13.91637072485964,6.757848632097804
2020-07-22,-7.047678473118053,-5.61392452559919,12.714980368794569,6.302291599838237
2020-07-23,-6.072247641917421,-5.050372584156848,12.825269503220037,7.057114405698707
2020-07-24,-7.0941601364803395,-5.191631201045326,12.908130092986113,6.937667657157997
2020-07-25,-5.673710087607823,-5.7026167208445955,11.840539124898182,6.47499729584368
2020-07-26,-5.225742119579358,-5.122184410333203,10.100851582635254,5.7014196134200406
2020-07-27,-3.793982272104528,-4.685346917144765,9.913391865599424,5.346906071726619
2020-07-28,-4.265737122008691,-4.394792054001474,10.158776897883527,6.245390260568499
2020-07-29,-3.568793606008572,-5.726988803555722,10.249321124376378,6.7302814795965675
2020-07-30,-2.977446493765978,-6.385818672465337,11.697190200695434,6.039745424733527
2020-07-31,-1.8988448262482716,-5.884535610146392,9.513949850412056,5.751155789401436
2020-08-01,-2.810496667616526,-7.614881815395024,9.689077543319398,5.787096814071552
2020-08-02,-2.0905024002769608,-9.238811072071247,10.013837949498626,6.321387961652486
2020-08-03,-1.0671561524249769,-8.022835742219817,8.333042873711955,6.667420565097229
2020-08-04,-1.0245763274431394,-8.383326632479287,8.181012854073114,6.435575028307708
2020-08-05,-0.603731498035363,-8.621881209887416,8.71861145604092,4.741165392487633
2020-08-06,-0.7921898125566287,-9.61882431611198,8.351197709174619,3.7405751101606244
2020-08-07,-1.1152636851445688,-8.445195784687341,5.989131318050228,2.0138223456562065
2020-08-08,-1.1584878007633137,-7.842566409122021,6.349804517429232,0.9399808852971161
2020-08-09,-1.7065689438989278,-9.20935180504286,7.276791373262791,-0.3073194836462678
2020-08-10,-2.667321293328359,-10.577132131649346,8.857391027627108,1.111253004595438
2020-08-11,-2.1839906972015495,-10.34619051446404,8.607238149798846,1.650773495200089
2020-08-12,-1.851930161688355,-9.25318266120005,9.136443500182354,2.5498679297013367
2020-08-13,-0.9667749283854736,-8.350957313792577,8.933292576652347,2.3796383426867025
2020-08-14,-0.20484202175361088,-7.737200532016143,7.97344886324719,1.6710697389775553
2020-08-15,-0.7507854089157853,-6.991002377338962,7.828654709984589,-0.18814697310282824
2020-08-16,0.48560445144744824,-5.941890010376243,10.477084896600402,-0.8144659409626815
2020-08-17,-0.7326656663148725,-6.950904985731129,12.010289929197492,-0.879570147768769
2020-08-18,0.6976315843870837,-6.086778833681831,11.248264872422062,1.1014451635096605
2020-08-19,0.8245766491994184,-5.87488249984006,10.32087821831012,0.870560774203941
2020-08-20,1.2158693662966913,-6.846527409838735,11.122522106004544,2.8151896819746343
2020-08-21,0.3122127570538733,-8.05741497242187,12.363455569839065,2.1431953072009797
2020-08-22,1.6033202296074214,-8.252686408816007,10.621234199476358,2.286973310293243
2020-08-23,0.5120553126430072,-6.924274097691566,11.0546936005739,3.1116923140736508
2020-08-24,0.2491287946218294,-7.782162570008024,11.120289855634743,1.6848744352344351
2020-08-25,0.873094143152898,-7.6718733291782994,10.845212785265407,2.386488721326958
2020-08-26,1.3383448621111156,-6.087894703976422,10.433019649948506,2.713056687191347
2020-08-27,-0.5961304332247406,-6.402353429509703,9.244574372544662,3.5813387182131287
2020-08-28,-0.39974632679078387,-5.693307684232867,9.714848851551421,4.515706023078067
2020-08-29,0.651689306748739,-5.570996581434532,10.116471459997483,3.9176717033182857
2020-08-30,2.266482251363531,-5.579516923990503,10.197011945350882,2.565505092012705
2020-08-31,2.5184117383037568,-5.99713904333737,8.76428824008341,1.8760395941676937
2020-09-01,2.4500175797538573,-5.987611951705168,8.517857914642871,2.7488717073913094
2020-09-02,0.01024365521294035,-6.626019411415518,8.511512975183907,2.6974865789864975
2020-09-03,0.7243955705240475,-8.512682160956828,9.08974833441427,1.3700081367468215
2020-09-04,2.2684771957477334,-8.841052074040551,8.106950090699558,0.7043419169965865
2020-09-05,1.6369779598396095,-9.353711097317818,9.86790216479511,-1.1990731131550543
2020-09-06,1.2469338969472685,-10.525006010081032,8.657420217709639,-0.2990910629341387
2020-09-07,1.1087805937326614,-11.163492649265935,9.160844738603604,-0.43208581202534996
2020-09-08,0.5316265115938624,-10.678152842316932,7.507611872484257,-0.39197292292628705
2020-09-09,0.07102512785734905,-11.52759788943481,6.855249903254597,0.7839131411383876
2020-09-10,1.6513057482534819,-8.760606087428874,5.010929539386325,1.2310250709440616
2020-09-11,3.596160905532779,-8.96538166915748,4.995845103580287,2.208101398181453
2020-09-12,3.4493326160112074,-9.687897942738998,5.867561385166735,3.975202488900479
2020-09-13,3.0149695800194163,-8.72890452502557,6.007024146231969,3.2031128145428718
2020-09-14,3.5371886379459525,-8.641015297316976,4.991114091936141,4.313959830976623
2020-09-15,3.347854023986625,-7.919987074948561,5.2416193283428,5.901962338813697
2020-09-16,2.7635540139300745,-7.5673752611901195,4.593232909986948,7.803401102976881
2020-09-17,4.316459182899691,-6.925523617141837,3.015531102990394,6.248102151270327
2020-09-18,4.274908661269661,-6.875274444802092,2.8144700168756507,7.058887697097617
2020-09-19,4.086254898983719,-6.191414164237845,1.902223899764481,8.33036382431173
2020-09-20,5.995636282814626,-5.024990195044869,1.4630473432608513,7.691445845817816
2020-09-21,6.364164856199718,-4.721471120939973,0.9196555762097957,8.807095564600367
2020-09-22,8.057520237024736,-4.302598608591197,0.8510196217660835,8.2696098832856
2020-09-23,7.3635195840995395,-3.3065773604392312,0.37150802508886765,9.052424637308109
2020-09-24,7.805168498780278,-2.477822380680708,0.18537836633112395,9.40570777209256
2020-09-25,7.858837917696637,-3.245071333199826,0.34741247437362005,7.596454036573524
2020-09-26,7.0058524047156805,-3.151947087780351,-0.5417968391134396,6.3473248558950015
2020-09-27,7.17371447305178,-3.2357389880209992,-1.3335312068290817,6.050101571560214
2020-09-28,6.78448986271712,-2.843835500212524,-1.2767717399855214,5.978467128613158
2020-09-29,6.0521749081065686,-4.793359065107939,0.8189055457765289,6.2345692498620195
2020-09-30,7.94446229652594,-3.056164770437456,1.7903240963948495,5.970678571731309
2020-10-01,8.336067497890943,-2.1814809511505584,2.418565278920876,6.2608229041140575
2020-10-02,9.355558303122097,-3.27743973228496,1.3917210721756588,6.712469288264295
2020-10-03,10.036613395292113,-4.234355670647065,0.7262747575459674,7.662520582769355
2020-10-04,9.199764154339412,-4.361505964580151,1.5132780916267228,10.124049795007995
2020-10-05,9.002718656224236,-4.133655583985593,0.848695510165288,10.189468481414636
2020-10-06,8.679730609718163,-2.9349543903685005,-1.2758183865826096,10.171249826290294
2020-10-07,8.116068202567309,-2.8491272421798226,-0.25303048273663853,9.228022852151732
2020-10-08,8.258241253414157,-3.393812735370591,-0.4602346880541568,9.157814691410685
2020-10-09,8.481439818207333,-3.3035755239049225,-0.8854298691240017,9.127263686971043
2020-10-10,8.155121579660836,-1.975055822051364,-4.22487153912028,10.069370878182484
2020-10-11,8.003778006932373,-1.8022140906635442,-2.9808402590743626,10.081796168727095
2020-10-12,7.22109136206937,-0.8436605708860789,-1.5668516642923482,11.46057913214742
2020-10-13,6.3315935696134575,0.5357231249649956,-1.8151789217258418,11.868283338421504
2020-10-14,5.9884581575495295,0.4648012422024707,-2.048287666117215,12.253758567056023
2020-10-15,5.146083966388068,-0.06649032913205183,-2.517325936549054,12.90603671358188
2020-10-16,6.3133219344434,1.3274526361737855,-3.0565855149719994,12.959800551542598
2020-10-17,7.170704221186241,1.4012941381063566,-1.8225891406199775,13.294641320766528
2020-10-18,7.609867939385374,1.3237236278947608,-0.7582797406828514,13.638545544090542
2020-10-19,9.028738468247361,1.7835697240233004,-1.7435025571892306,12.786770200304229
2020-10-20,9.861798982774848,1.8962927271121195,-2.602012792249154,12.201940238484076
2020-10-21,10.984563180497762,1.2395294780162507,-1.4166972782775233,13.085530405796957
2020-10-22,11.865391903885246,1.5928151496482652,-1.7968381358643937,14.58295933766639
2020-10-23,12.173356685278232,0.6523618146318267,-1.1427371578294196,14.818072132690219
2020-10-24,11.44090961410515,1.9128692838851196,-1.6977982434882988,14.272803870261768
2020-10-25,12.469721175802732,2.730078036405662,-2.472274124221191,13.566729302012478
2020-10-26,13.459916778399132,4.691751619903322,-0.45326299303644957,13.527593371367912
2020-10-27,14.001965019121169,5.86123235726079,0.13627537756992858,12.5478785936463
2020-10-28,14.948348951021316,6.063966763729484,0.7468450768674091,12.02404356448495
2020-10-29,12.972147420752698,6.81700779796018,0.33601545645637504,11.235826609917419
2020-10-30,14.00430196870125,6.4136887186741145,0.785263975096804,10.41988530632914
2020-10-31,14.033864239165332,6.155496918653991,-0.2437858863999427,11.448421198435343
2020-11-01,13.952996999739984,6.4782716982534305,-0.25869232116361485,8.78415661786146
2020-11-02,14.173633362198556,5.796660246900537,0.16705763702613158,7.768396662208174
2020-11-03,15.515221659905205,6.28662899358394,0.8790814595488421,7.6511880722895045
2020-11-04,17.81247256872888,7.423993187291915,0.7684130896226214,7.926760733786839
2020-11-05,17.011512453486073,6.754562859436031,1.9288609876510363,7.3034327333634375
2020-11-06,15.33230084921547,5.8496172856859845,1.317411318907892,5.72770631382802
2020-11-07,15.097015980094994,5.672891534952905,0.9334733612228605,5.45638966335841
2020-11-08,14.698286482267278,6.9165709778616735,1.7825941186848853,5.6836819981653175
2020-11-09,13.817683520032451,6.801404384701805,1.0298740647541291,6.4406878235318885
2020-11-10,14.694167752507893,6.241414484981823,2.3873005292592198,4.808118155749504
2020-11-11,13.968921013387195,7.461247208148116,3.283583517380542,4.652046097821487
2020-11-12,13.968881129807368,6.801725644784464,1.4707781581934476,4.021225764783069
2020-11-13,15.667462909769647,4.419996173863229,1.8075746899206226,5.594934053484214
2020-11-14,13.937554923276284,3.202962687547931,1.644096014023023,4.112040917286542
2020-11-15,12.829326150020872,2.998246784971095,1.6773462233398533,4.921517656420124
2020-11-16,11.72215721258619,2.6134562800163037,1.2794832876423567,5.052513518493754
2020-11-17,12.249500251915954,3.0531523721266565,2.3826399682063393,6.519612679193843
2020-11-18,10.87156648447582,4.447492493895204,2.015122803995744,8.067733074385284
2020-11-19,11.620990175528881,5.302208081810819,1.0253108044213544,10.568950950474994
2020-11-20,11.647725012675108,5.573295397457598,0.5731557921522159,9.89823879524806
2020-11-21,11.89182264135178,4.735944720949773,-0.39813935245844223,9.073171063657687
2020-11-22,13.15296177800586,4.835093627432931,-0.9206881837935212,8.986009024565815
2020-11-23,13.036030448150047,4.192076168643529,0.7745608936629198,8.596734939028698
2020-11-24,13.45378247557673,3.5648603727639676,0.772534290857458,9.218678456671123
2020-11-25,12.375693382371642,2.45593709489568,0.5675587607857808,10.837147663009368
2020-11-26,14.584058998690383,2.6659960747409226,-0.23052537776285387,10.786878052579011
2020-11-27,13.944777153712895,4.078880657282009,0.9301702346648485,10.427771537079506
2020-11-28,12.81960730947064,4.544690549314149,1.084920224997803,11.401697755977121
2020-11-29,10.890159852514916,3.0998797686757285,2.368385190043336,14.399177177678375
2020-11-30,11.966847906641252,1.854227945919131,2.4454831493510296,13.941206360856397
2020-12-01,11.827193201579231,2.140461770866426,3.0741981054765724,14.00378786967653
2020-12-02,13.398985689111518,3.5667373314440685,2.3542526997425974,14.122441638299671
2020-12-03,11.657064782409263,2.100654964138874,1.662570060742643,14.037343421686552
2020-12-04,12.572151084744739,3.1298651646399325,-0.31182308817594917,14.669372860017
2020-12-05,14.166243639405135,2.2690255204857226,-0.2633775633308119,14.926997809192674
2020-12-06,13.541445027166914,1.0337169607142145,-0.5696855995153465,14.716994452587885
2020-12-07,12.565906254793381,-0.2957888611654047,0.9988908307991728,16.598804321084202
2020-12-08,13.242428137711883,0.4434398420776292,1.4240106396953318,16.545859232133317
2020-12-09,14.847715095075843,-0.34195147748728527,0.8696626643917685,15.706069864565531
2020-12-10,15.276191056386692,-0.24077546271502936,1.1106968659237673,16.92517510156042
2020-12-11,14.902101733213328,-0.2743588975113063,0.7472077956147469,17.909416218158235
2020-12-12,15.383473884365277,-0.25868899734512296,0.5300875840255802,18.509054135501543
2020-12-13,15.7982014828965,2.437024130390755,0.15163236051682177,19.687511436318875
2020-12-14,15.837208460259527,1.9672602568080482,-0.9443679438147818,18.61602370844302
2020-12-15,18.543535665751417,3.131469391577557,-0.49952220602859626,18.336610515669822
2020-12-16,18.667327814712753,2.531409102134686,-0.5769582997323047,20.60766406117589
2020-12-17,17.391398182193672,3.1497572642149967,-1.7756671050673636,20.135163440299927
2020-12-18,17.2069496897129,6.004003206679943,-3.026665557919876,19.6312527394211
2020-12-19,18.25364648621386,6.740821244718758,-3.7223457049263518,19.5330797094308
2020-12-20,18.043783562892614,7.490508580703235,-3.5325567017044492,18.241698250222857
2020-12-21,17.965433790286337,6.064686555890471,-3.888339951155006,18.083828481668327
2020-12-22,18.36946061301989,5.778024514483198,-5.561201958859392,17.26894827382395
2020-12-23,18.666964943570775,4.878031282854097,-5.447549168018297,17.20637993463756
2020-12-24,17.737050692750913,4.615178496424103,-4.927415825107409,16.776692492278666
2020-12-25,17.93083977140418,4.671369745710926,-4.7417014069306855,18.501765939484333
2020-12-26,19.302906825065357,5.313413299841234,-2.8566169465247486,18.615973121791377
2020-12-27,18.424731059886522,3.8950341224950193,-3.9907617471567587,17.80883805603027
2020-12-28,19.701261076872903,2.9832211291677444,-4.423384753844169,16.952027509106394
2020-12-29,18.36304149481919,2.375619512723335,-4.163595036756458,17.63359803496006
2020-12-30,18.793077591163392,1.554782057438306,-3.6467063164969784,15.892467556818888
2020-12-31,18.249935709370792,2.0121733924965186,-3.5598204061722756,16.25968152065016
2021-01-01,17.757529822781724,2.850470728698243,-2.5079080395621407,17.515808084785633
2021-01-02,18.096210870813415,4.086767731940937,-3.5565636136908716,17.278381337533208
2021-01-03,19.098210719220866,3.6734552231719584,-2.4391699781546636,14.947619298688148
2021-01-04,18.40992974609394,3.964236869761209,-1.9597437484597535,15.576665733474401
2021-01-05,18.086591933803437,4.703864109057352,-3.040433330645316,15.11168426718555
2021-01-06,19.053792716723837,5.365956623099824,-4.0444558413992215,15.900009102384743
2021-01-07,19.208305415806475,6.420373161810898,-3.7558514794966786,16.632649561196448
2021-01-08,19.569017945916094,6.190194162203329,-3.738996954697952,16.518014133900493
2021-01-09,18.5912280652451,7.004831632996996,-3.702011504629951,16.664846315501105
2021-01-10,20.26287097587621,7.646842035760178,-5.208204363533177,17.22005968628376
2021-01-11,20.501442583213674,7.750346792012757,-3.8598542858145675,15.980458304004651
2021-01-12,19.8620925686708,6.000579160812099,-3.918322935328587,16.18826246348431
2021-01-13,21.5909677958513,7.992926224245661,-3.3205946075974233,16.193509771939507
2021-01-14,22.677174225973232,8.497988329130298,-3.7220520432600694,17.304865929985816
2021-01-15,22.25233378987089,6.868977659082039,-4.348382934168971,16.11792270482769
2021-01-16,22.73049710037508,6.411755070979179,-4.9373076621262255,14.834214639658187
2021-01-17,22.42771777859731,5.9616036689135825,-3.993807078145281,14.305854102363767
2021-01-18,20.729895522812637,6.266388227150439,-4.56701246715752,13.51707557743963
2021-01-19,20.70764865775233,5.590114807865375,-4.400444915253015,14.457414257969123
2021-01-20,18.49344422288289,5.902578966463719,-2.2455226239243022,14.892421830529806
2021-01-21,18.588105062265424,6.446605905307187,-2.5609644451392852,15.083493124614568
2021-01-22,18.69249903934584,6.902552448771592,-2.807867495314999,15.53859443956614
2021-01-23,19.50158346766739,6.603310077403835,-3.0723162171902505,14.792466192532663
2021-01-24,18.046806368310286,6.597942849320682,-3.9070588865333256,15.31441708054275
2021-01-25,16.871165740930653,6.9402222231851995,-4.726213456795257,15.119006908979712
2021-01-26,15.422390813972767,7.685568488151433,-4.342110275676033,12.019650763560414
2021-01-27,15.74840623191811,8.341927334081287,-2.3086939542419684,13.162543547608998
2021-01-28,14.576363478487027,7.958003677395603,-1.4235241119783004,13.392546048780916
2021-01-29,15.505344580902285,7.416874027228296,-0.3971696348988354,13.852821154087414
2021-01-30,14.93810646555821,7.707297166431959,-1.4645813440969546,12.283988877316343
2021-01-31,15.386540744213551,9.164063107320558,-1.8166900927187157,13.782384113338297
2021-02-01,15.43606371302196,10.08089373728701,-1.039709464396723,13.600662367897916
2021-02-02,15.797536203316925,10.954878367862444,-0.9841903800297386,14.191470088002875
2021-02-03,16.352454136394844,11.197918346003362,-1.1992303136985696,12.660423685151127
2021-02-04,16.75427233274888,10.76748407071881,-1.20491920969391,13.895004878977677
2021-02-05,18.12659505134017,11.128074352161155,0.6847144566529617,13.46304616976432
2021-02-06,18.94239632250797,11.65266564338195,1.7008133386920645,12.755514412314605
2021-02-07,17.810508242642065,10.531923626462138,0.9195128234661926,13.55856453916535
2021-02-08,17.319614584549004,10.234174545470685,2.423429944537838,13.265827877618236
2021-02-09,19.791420049652558,10.539367713996482,4.811147814049885,13.77975690562266
2021-02-10,18.061627868963807,10.63698471373275,4.0980745112611645,13.929177622484664
2021-02-11,17.878283496389017,11.691731727596865,3.822803696662476,12.82698371641309
2021-02-12,17.516673623766376,12.358965816117486,3.193753376565473,11.449084501726007
2021-02-13,18.67671003954225,11.004404918644122,3.8980377999092557,10.444716131244794
2021-02-14,19.31171489494427,10.390954839102113,4.085395084086012,12.22448467182342
2021-02-15,17.861262004974378,11.64302365943694,4.740973466898105,11.51536184118998
2021-02-16,19.058407292367765,11.194493989758774,4.069947236970435,11.786485339899844
2021-02-17,20.544176900295877,11.120316496364303,5.683196592102034,14.75382979386144
2021-02-18,19.548908735126997,10.872229110424476,6.072279177627942,13.541133544231306
2021-02-19,17.604430908243543,11.449982213781757,4.34196785501995,12.848552768123097
2021-02-20,17.985982448820724,11.413133515080249,3.8920541662433585,14.264540147955268
2021-02-21,17.892181185213108,11.734543868312496,4.9979162876398044,13.77170408379067
2021-02-22,17.267262119730706,10.880468654694406,5.786672569136025,13.500723524105142
2021-02-23,16.969253054969517,9.804551039377824,5.076244761058306,13.104414545513164
2021-02-24,16.37318193321713,8.586657413062476,6.478241317262558,12.327790305982473
2021-02-25,18.193338793555696,9.852901049608452,6.07616172336767,13.057402085461538
2021-02-26,19.215439411834744,8.809231261421697,6.864019378472159,11.073335746651166
2021-02-27,18.918983124560615,8.822497022899888,7.771780869759542,11.384039405409593
2021-02-28,17.25534515499736,9.86600975256769,8.054461863723306,11.245354816188962
2021-03-01,14.861484459622568,9.749449007909565,7.464542559729378,10.464764043928081
2021-03-02,15.430195619653837,10.20356794353634,7.004365504404802,9.7154163627408
2021-03-03,15.91365364870631,10.860830634941234,6.97117912020294,8.084659544212629
2021-03-04,15.469240622969751,12.045068199260271,6.842214087433702,7.221433774258857
2021-03-05,15.871995890808915,12.542876766534116,6.267979761212159,6.976566378684135
2021-03-06,15.109593894773848,13.728251383373678,6.0912823901047615,6.478168351508735
2021-03-07,15.608781703032848,13.952951421163016,6.632311587385294,6.442147562517261
2021-03-08,16.12933543009594,14.737292037345094,7.923374934235546,6.6197117801235565
2021-03-09,15.68380919970891,12.990702207758435,8.268549601654259,7.6521275892453104
2021-03-10,15.96425734945122,11.32259411670546,8.706056143627379,9.416642593068175
2021-03-11,14.616794770658927,11.688382143904017,8.59233760804168,11.98820848770324
2021-03-12,13.127160825214329,11.849529746135492,8.29728972919183,12.676992462705055
2021-03-13,13.408681382477209,11.091270971296238,9.726819214986294,12.100597070916944
2021-03-14,12.112812093670126,12.318870553888283,9.409060244099933,11.043505651774517
2021-03-15,11.822119334241913,11.925336214752555,11.143325951850258,9.392069218509828
2021-03-16,12.764905685819045,11.408163695665785,11.059963357735333,9.079806286421752
2021-03-17,11.527855395082153,13.128015949881757,10.961703663235134,8.751693551234714
2021-03-18,11.24740754507642,12.973214590474335,12.926811641853376,8.836839554160912
2021-03-19,10.571519582983631,14.68494213854333,12.399653103233142,8.006849551567138
2021-03-20,10.267019734163242,14.959317315551216,12.762475097916818,9.819906975024669
2021-03-21,10.694713025437762,15.2017556727207,12.580409616297608,8.947919285827263
2021-03-22,9.447169284517381,15.312256375910305,12.87848057769783,9.433879997119124
2021-03-23,10.058771466261488,14.952517230076207,13.818560216157561,10.250394514481933
2021-03-24,10.145907448040337,15.75131530395876,11.764915857320148,9.241577932048374
2021-03-25,10.513650645373618,16.293602039180485,10.224242547832805,11.08565306602601
2021-03-26,11.175187771655205,15.497959354872016,9.384089811336805,9.994058121291728
2021-03-27,12.351352443890736,15.752222453374706,10.154944004423779,10.245841282004992
2021-03-28,12.79889322887216,15.254568533892476,10.343619039535453,10.60444943441098
2021-03-29,11.694504763174105,15.331442887175747,10.90050607531614,10.940810640729142
2021-03-30,12.17832671513209,15.558248842405074,12.313223557908323,10.97214839214569
2021-03-31,11.716270038745739,16.15593586510563,12.206676554757273,10.88818201508783
2021-04-01,10.972560608674147,16.366992798767118,13.159761014803305,10.146386838218838
2021-04-02,10.141744046248752,14.896486848815783,14.64766357492169,9.55507488659048
2021-04-03,10.322610582996065,14.97514478828501,13.014479880201751,9.24228977676418
2021-04-04,10.398275670615693,12.678851236897993,13.813703473391406,9.963991352038414
2021-04-05,9.774830962115535,12.95749766261593,14.02609884532717,9.853435097168685
2021-04-06,9.829681941301898,12.743765174820819,12.925824441598346,8.264842600254969
2021-04-07,11.235330741284738,13.740905088671957,14.135283857433874,7.614546768960569
2021-04-08,10.421016359479616,14.477718663033091,13.787174960190356,7.767412577845054
2021-04-09,9.372009743980625,13.978419853303562,13.50715994170256,6.851610520551354
2021-04-10,9.587952632815904,12.97817494419404,14.728334430511502,6.096221247190136
2021-04-11,8.783506294825635,13.44041448973358,14.20070498295479,5.613672926095012
2021-04-12,8.602331544309315,14.626078071143768,15.171135815354791,5.946997571383055
2021-04-13,9.137239388703394,14.440123218477273,13.7386830904519,5.729222318491515
2021-04-14,8.237847075618365,14.395809321260009,13.896581017605236,6.029296782559145
2021-04-15,9.742233516466577,15.185435663382343,13.332729259092844,6.050574707274233
2021-04-16,9.20632595252363,16.08446701246854,11.811479331831647,5.610897752908419
2021-04-17,8.757269111220682,16.76554157774422,13.373587921041654,5.721987703779232
2021-04-18,9.040092170783995,18.119207642731805,13.44458965632104,4.540191355029784
2021-04-19,9.187758866713924,18.01208839346101,11.738846294434028,5.412723508104772
2021-04-20,11.509394110382475,18.06430618621262,10.72040233925356,7.315994005939318
2021-04-21,11.357676813331214,18.936781596009833,9.490651037785858,6.6987551376986625
2021-04-22,9.504952835938594,19.743426179218485,10.818750765540038,6.472360397442523
2021-04-23,10.229897152066801,18.165371777055885,10.070841248291504,7.519798445581493
2021-04-24,9.929080510267562,15.683288493508227,9.984505824909656,9.24694012739379
2021-04-25,10.147186245803448,16.66129786880339,10.83716364402961,11.070973024288886
2021-04-26,9.753220299094853,16.13471041690112,10.519451145473397,10.608669955115557
2021-04-27,9.41177197849084,15.14173169536457,8.41079572045896,10.381604978519677
2021-04-28,10.138527031205149,16.79638446033517,7.387907104467146,10.295139861625158
2021-04-29,7.885304745843454,17.952538313945748,5.830117649093889,7.973778875002315
2021-04-30,6.099702258433319,19.927394771524877,6.092098124073679,8.166264289607307
2021-05-01,6.674807196288501,18.419857286884312,6.052250581330023,8.033198979056102
2021-05-02,6.309635954487253,16.579735955121816,6.514340761571379,8.553136127796503
2021-05-03,5.498163048929121,17.773747363674335,7.482789025035133,9.140823595926717
2021-05-04,5.964345268432344,19.0074147055902,6.695650017726686,9.5020741168084
2021-05-05,6.1433733039656655,18.165452464784984,5.730635766403653,10.314404118646317
2021-05-06,6.544722589522125,19.06662466238035,3.863040103667852,9.709648431169743
2021-05-07,3.8230778655579827,18.238875201802923,5.70877201011603,9.613927755921528
2021-05-08,3.7634599383839356,17.385620863902314,6.3315416092400305,8.195833982023839
2021-05-09,3.941068350515746,17.97548531167663,7.317722355274462,9.427930917587998
2021-05-10,3.3436778127195956,18.29137332950676,7.832601683717449,9.698950074396171
2021-05-11,2.2027274127803578,18.98129156862107,6.840645172881563,10.855679373396132
2021-05-12,2.4057483707253633,17.58525184874849,5.8120277623500955,10.529438332806697
2021-05-13,1.7551675175994288,17.394884448037192,6.962390501386513,11.002367698671579
2021-05-14,2.172748696176722,16.55093886553249,5.736665629017962,9.76441996871917
2021-05-15,1.655568882935417,17.16560025765638,6.713218453723838,8.418384915491634
2021-05-16,2.2643598248622925,17.404998426244866,8.840705047011358,7.79679271137423
2021-05-17,2.9599018128919967,15.81513059471821,8.718189610047817,8.531174876965204
2021-05-18,4.137860549174029,16.639087999698628,8.02238165789091,9.96182959661649
2021-05-19,4.571348307972405,16.691085626288338,7.044836360299166,9.270554709073691
2021-05-20,5.628501128991041,15.855638447557649,7.328752031709479,10.123694075156447
2021-05-21,5.132547154033771,15.816213131546057,8.12128304527943,10.206693926887638
2021-05-22,4.398819420498577,16.583026421324572,9.016888520628184,13.245053389724138
2021-05-23,3.0424194915107394,16.87970217594255,8.875554797755035,12.727658952613195
2021-05-24,1.694067284256399,17.809370476404656,8.133127111413815,12.457073129911384
2021-05-25,3.5686895576178985,16.985220780343752,9.623097271531886,11.261082621580236
2021-05-26,3.849984829694357,15.113440225059907,9.843477164271574,11.29293576731221
2021-05-27,3.9909194033279225,15.79762333328299,10.874016227644471,10.517118838638863
2021-05-28,3.882818418536126,16.408605227012494,10.952932965721702,10.538149397953907
2021-05-29,3.8500665241145313,16.587269653245762,12.813948945137362,10.885831987307837
2021-05-30,3.6426913204537197,16.297589546416972,10.938392836094792,9.658104868932487
2021-05-31,2.9421626268921517,15.479094182482122,10.745518778015892,8.485724178124125
2021-06-01,3.3541782159355944,16.95829558354849,9.147137849363272,8.118655071188597
2021-06-02,4.389909099837203,16.354724934644054,7.428170183632562,7.678670999117358
2021-06-03,3.3737449761876324,15.850772582510587,5.560840340628422,7.936352260391955
2021-06-04,1.8976271485053084,17.79555991428727,5.412912911534119,7.952962585617571
2021-06-05,1.0670109561323053,18.45955665270476,5.606590784667222,7.590899321573567
2021-06-06,1.5943218320461983,18.561364599056443,6.095852136126585,6.536527306029477
2021-06-07,0.681846110950635,18.13672439567989,5.028956093388502,7.199721185850441
2021-06-08,1.9251943926340545,19.904594415120393,4.540948689116766,5.900850258045345
2021-06-09,2.993475627248169,21.23335202868289,4.297392143508543,4.253852223695909
2021-06-10,2.501341335542288,22.94988252433569,5.816682172489728,4.097136005856593
2021-06-11,1.8148456664076549,25.436484189996374,6.147396637931921,3.779593917761705
2021-06-12,2.1784120741991853,23.6391943336347,6.263686839125751,3.2496880887871793
2021-06-13,1.9826683093890665,23.432225236403838,7.673397486851992,3.4551871214965346
2021-06-14,3.3299236627737763,23.66181223418785,7.578770349164386,2.073791009790665
2021-06-15,2.8901204211531524,22.035701942306556,8.551530512695606,3.0669408235397047
2021-06-16,2.4148670542671846,23.555003142245937,7.116007592776654,3.986264623549504
2021-06-17,3.315632876618361,22.679011077889864,7.704123953078792,3.7441151323549113
2021-06-18,4.333543827657755,21.728355136741076,7.224499260010837,3.63989589309284
2021-06-19,5.112705674488904,22.21783967606743,6.789784438172882,4.725454194800594
2021-06-20,4.958098236036072,22.112524842467305,7.811903618736037,5.001715403426112
2021-06-21,5.4020469110287594,23.20589392513316,7.514918275341001,5.939931838639503
2021-06-22,3.7502747241256937,23.735932830357953,8.10421166947887,7.027647652018733
2021-06-23,2.55756618499131,24.955992468306846,8.364701924661592,6.819592641592005
2021-06-24,1.4143284042922954,26.30720943735938,6.44929401911895,9.069974326494203
2021-06-25,-0.6919061315146586,28.21375512334839,7.79423719310064,8.594322560038343
2021-06-26,-2.7555469820151086,27.66067017592513,8.713762766101512,7.481243063214833
2021-06-27,-3.076443791565632,28.40120278777065,8.625166959768906,8.324103911050342
2021-06-28,-3.805804729488214,27.449594102356148,8.069940996880467,7.536363517215851
2021-06-29,-3.337429448304994,27.18215871547705,5.906086403348322,7.32036572664365
2021-06-30,-4.265385449132892,28.161039161217936,5.733570574328568,6.888725654091349
2021-07-01,-6.743105484732895,27.761533367726255,6.7082912964157995,5.735267893986028
2021-07-02,-5.239357535900824,27.671265685884933,7.205286038422141,6.460636163553872
2021-07-03,-5.582218010623634,28.263286639386525,8.930588885803765,5.563504154569133
2021-07-04,-5.435011167978506,27.07233575158599,9.013905834965847,7.660144464810651
2021-07-05,-6.234312589449413,29.36515305697403,7.810426434967517,7.951427205123207
2021-07-06,-6.054377750273756,30.436078318105395,8.183285498297876,8.435279907224666
2021-07-07,-6.5976994714767,31.28987453070837,9.411366946152345,8.660391763229967
2021-07-08,-8.035637233056617,31.21212700156494,8.768696578716668,8.45962263609418
2021-07-09,-9.084722606084984,30.318975376507144,8.888879839293358,9.704523316262646
2021-07-10,-9.031683212701886,30.963544139683293,7.8830383510682,10.274164700357534
2021-07-11,-10.087921552467924,31.79212499474666,7.583740092292021,10.762667892008567
2021-07-12,-9.719735290043285,31.3088301928832,7.807611960482205,11.191094646577033
2021-07-13,-9.947604976783772,30.872639713143126,8.806791903397329,12.902257145388319
2021-07-14,-9.423278382259996,32.9798302351567,8.18378052022773,13.01121238696278
2021-07-15,-9.650712097130073,32.46756268140553,8.765284023395381,13.006493601998656
2021-07-16,-9.626950228877385,32.810670070793755,8.284746332993437,12.509940999978804
2021-07-17,-10.040033132227492,31.09047492031425,7.813680458626424,14.302858252008022
2021-07-18,-9.58815298609797,32.08493969808228,8.42552132136524,14.131368688673032
2021-07-19,-10.753465460450993,33.69213039040991,6.488963659102648,14.278172331669799
2021-07-20,-13.286670594995245,33.58292669654093,7.080211637484998,14.788677855277424
2021-07-21,-13.414049016300169,34.39158814495721,6.39359001317987,14.557012733584168
2021-07-22,-13.589620479812414,33.92585462266803,5.63551072521392,12.741451521009942
2021-07-23,-13.383195042306848,34.678560135952026,4.170749122844336,12.323225317653655
2021-07-24,-11.91668181883296,35.6116485806715,3.7308286656579157,14.401261212833475
2021-07-25,-12.668678792676298,34.27122473159902,4.054292358522836,14.029429961754001
2021-07-26,-13.147464219429104,34.689991855442365,4.6434342329378016,14.244492337109973
2021-07-27,-13.495325123835093,34.77058907911677,3.4615879798105738,12.26630746121037
2021-07-28,-12.561726230995886,34.311812459272645,4.377548723363461,12.191088170306779
2021-07-29,-11.532890719832622,32.82121782458645,5.814569373012208,11.2430340666091
2021-07-30,-10.174000230224024,33.586390941526346,6.210990285411257,12.39125284482581
2021-07-31,-10.120864413855092,32.71288958186204,4.972624274207076,10.829215050080531
2021-08-01,-9.985721064805604,32.92160404086553,4.942998641364237,10.898665349894026
2021-08-02,-9.153107016748795,31.688880444544083,4.525604939577531,10.5859821500205
2021-08-03,-9.771459930963168,31.915996617489718,3.708090186180857,10.66766250541726
2021-08-04,-10.754588683612827,32.678166222638886,2.8789546501295615,10.79746766643942
2021-08-05,-11.854705976593912,33.40017888179444,2.8458892448206554,10.698197228630963
2021-08-06,-12.373540888804515,33.15460079249514,3.008160935570636,10.622772042225103
2021-08-07,-11.524475321785932,32.11531821395324,4.651286504066741,11.375200528114357
2021-08-08,-11.86168580829761,33.89698122430035,5.416400334933719,11.782256258744477
2021-08-09,-10.711639563000032,33.49779162160788,6.129576306614587,13.41474577270651
2021-08-10,-10.725390047723174,32.048658227602544,5.290813811335646,14.537458957731788
2021-08-11,-11.888144573893072,30.956666318736737,5.54784771879323,13.362846736942316
2021-08-12,-12.162376036212299,31.14250954856838,4.25501767821171,14.796152581609274
2021-08-13,-12.219737442696369,29.846035798528852,4.791427849380939,15.65848314046334
2021-08-14,-11.407983636683948,31.123556999308192,4.146944523381416,16.44606279608731
2021-08-15,-11.849080758556235,30.504072933566842,5.140238195368483,15.543333029411892
2021-08-16,-12.627950694710806,30.277210873088226,5.32258286246397,16.09596976564967
2021-08-17,-13.115754234417302,30.13015881721592,4.6778633075184555,17.727987531322952
2021-08-18,-12.534798722677678,29.65655831579783,6.186189333131719,18.41266777672175
2021-08-19,-12.393372203703109,30.520500690779695,7.082399268253513,18.963939601666965
2021-08-20,-13.397977078835744,30.638970557400242,8.608907708314716,18.382057865231275
2021-08-21,-12.516202238039831,28.716128974106923,8.860964585050167,19.94917959856957
2021-08-22,-14.101023740430996,28.611890510025074,8.649689352792127,18.448669496138788
2021-08-23,-15.35307634160332,27.38271455492714,9.18175523504195,18.678380652104757
2021-08-24,-13.30714319693046,27.961325672842438,8.404937827728174,20.699508709508294
2021-08-25,-11.546668526173649,27.113927487256074,8.210983655282147,22.27302513651147
2021-08-26,-11.764208949397696,27.84372046298722,6.001805820699953,21.645389777662714
2021-08-27,-10.23996948704266,27.62760072556212,6.280966618257651,21.465886629657128
2021-08-28,-11.289746927158372,27.60839162307149,6.29140451209617,22.85577685671274
2021-08-29,-10.475497047130274,29.46119596196394,7.031245426035967,23.437567517136387
2021-08-30,-9.79125336188151,31.58838688089282,8.28241573830514,22.87028570291223
2021-08-31,-11.15283396301106,31.216006964531143,8.922738100199046,23.155743254962562
2021-09-01,-12.136501980340231,31.000377275347034,9.311957749226906,22.406561849506076
2021-09-02,-12.1386560659646,29.60956513633626,11.618855206086307,22.23051881285372
2021-09-03,-10.083993629219428,29.193277748610164,10.131431615250046,21.404479064205006
2021-09-04,-9.078932791679351,29.230308604796907,8.162333872457184,21.22255191637235
2021-09-05,-8.687574891970817,28.865545839272794,8.712358930456698,21.6552463825284
2021-09-06,-8.892387616715942,27.633641449241463,9.023361486303846,22.05212327843215
2021-09-07,-9.00100218344092,27.203949419309666,8.09576629704854,20.608162828894145
2021-09-08,-9.389330442321981,27.453531114097025,9.614599385841542,19.825475456937564
2021-09-09,-10.32503318964434,27.73006441063365,10.052215301309406,20.188331682780134
2021-09-10,-9.723209411280758,27.787874516795743,8.61302316957705,19.056124329146783
2021-09-11,-8.96806691369907,28.996774012304954,9.06989182742288,17.666056305370226
2021-09-12,-10.00471446067306,28.556123192472434,7.4323715969835895,19.423981788803555
2021-09-13,-10.034673558087547,28.008151517163718,8.025581980814817,19.533315541360512
2021-09-14,-10.462919723629375,27.773734330536687,8.315170780208417,20.17747839022366
2021-09-15,-10.809321389371599,28.614529191707256,9.32448814465945,20.263476722022933
2021-09-16,-11.800548393579838,28.534413120730758,7.846850568244157,21.9960126722804
2021-09-17,-11.602819896798643,27.556674914682468,8.353895610677535,21.688278189446972
2021-09-18,-10.530938728237695,26.536563084520424,8.514583297610248,20.85868030588793
2021-09-19,-9.90166992539715,28.126081201042815,9.289903754748995,22.650966837909404
2021-09-20,-9.030254119591515,26.842178023515967,8.998456112000339,22.155049533165357
2021-09-21,-9.38741751057097,25.451650041798498,8.438131840089468,21.483859602467337
2021-09-22,-8.533616980074767,25.05473948053599,7.865511890767842,20.911454811769616
2021-09-23,-6.242948532931294,25.07641258995548,8.720564881760573,22.403200465257562
2021-09-24,-4.937769033569323,24.702194385972664,7.88466638677707,22.59145691094427
2021-09-25,-4.455344548205521,22.919613652435846,7.250166271109479,22.64858418189967
2021-09-26,-3.360258810673818,21.10413498327958,4.771773518206299,22.033452294028567
2021-09-27,-4.164996982804237,20.81726952790127,5.313093657549844,23.0165711517636
2021-09-28,-6.045388565541894,19.91301823633023,5.071644878668731,24.54183718004775
2021-09-29,-5.168432061425262,17.823526378187093,3.948068452004706,25.701118343390164
2021-09-30,-3.660762855232548,17.934591512762893,4.870748033708741,27.722187577041463
2021-10-01,-4.571754557136029,17.346125565903012,4.2667072413133065,28.46701748666307
2021-10-02,-3.61341684735081,16.100971022759893,4.1364856351719475,28.547897555956077
2021-10-03,-4.337175706757362,16.018017376100943,3.633863120755268,27.981831400514555
2021-10-04,-4.799611773919669,16.136175098483996,4.097978623565967,27.289857767416212
2021-10-05,-4.506746200263093,15.877934118010023,3.5936358138312157,28.379396029195597
2021-10-06,-4.869477967806123,16.23421852167128,3.8696009692467213,28.064338808661272
2021-10-07,-4.1835885474890455,16.14669703712291,2.0221997332887556,28.50946890686357
2021-10-08,-3.4954551823145703,17.03570932904545,3.118035039670693,30.069218915343562
2021-10-09,-3.018990009577905,17.306179404246453,4.447035602030657,30.26189689576193
2021-10-10,-2.537884691298262,16.256091989842368,4.446256098094407,29.295555878441487
2021-10-11,-3.0267981115106934,14.914248519482193,5.846385451427404,28.765039770177626
2021-10-12,-2.1555070357173305,14.857541742977363,4.912845077570021,28.817231201447616
2021-10-13,-1.8073488867007081,13.48302910530916,3.7494923789533923,27.385026905815117
2021-10-14,-2.9023949523232204,13.254129602571345,4.980486860693712,25.85386069312509
2021-10-15,-4.4562256694556925,11.551402675223915,4.9154134472710345,25.706687743715303
2021-10-16,-5.4929435008670335,10.624124888776226,5.924637358077501,26.520446777243425
2021-10-17,-6.368288626090302,10.395352553608062,4.985226438724296,25.946002946486974
2021-10-18,-6.58103513423681,8.77676470533712,3.009966011471775,24.10527647199666
2021-10-19,-6.965954730462998,9.186928989870955,2.1486630231637207,23.636740582599256
2021-10-20,-8.28842356006726,8.092758386260517,0.8747233950039395,23.771653602994324
2021-10-21,-5.217365854836874,8.200335418853612,0.9945492070819534,23.749561608407454
2021-10-22,-6.025841583781754,8.256072021010034,1.0861488022867967,22.5998764767088
2021-10-23,-6.387597813675168,8.341154980747604,1.040539071228475,21.222310751002095
2021-10-24,-6.022841106995313,9.218967380147268,1.5408156517302898,22.026389848583065
2021-10-25,-5.746379078386321,9.842663641707288,0.6315139903719705,21.985696442497115
2021-10-26,-4.985041581016952,9.413848964854495,0.5516174879790016,22.302899398331867
2021-10-27,-4.9711758960383685,11.38648627501367,-0.14931537746178947,21.108964666646322
2021-10-28,-3.862530989839902,11.23240083302364,0.4061884976311261,21.029599324102854
2021-10-29,-2.283020881254589,12.133921501644425,0.8105667652281254,20.054908492703873
2021-10-30,-3.889896898309759,13.451331295617038,1.1456358803061581,20.09567561005387
2021-10-31,-1.8893808467145492,13.22976362799603,-0.1063697328785711,20.06489265515899
2021-11-01,-0.8690398091610361,16.26709921306286,1.4969847111742158,20.19813337860762
2021-11-02,0.6358024062503296,16.630065953913114,0.8017877713569193,19.005819430677015
2021-11-03,1.2184570856871624,17.01181133435898,0.5899365993357852,20.20884249249042
2021-11-04,2.42970602148468,16.405252636163038,-0.4910084653113824,16.75088776324222
2021-11-05,1.653050310748386,15.708423691215438,1.1587085549648728,16.960774579955004
2021-11-06,1.973220887056283,14.83596233029306,2.0353358819352203,16.59443513168645
2021-11-07,0.6688409842466811,14.128273850999074,4.771817639397675,17.899811988088597
2021-11-08,-0.3404118125487887,16.056656159089528,6.264518508889442,17.5762614535104
2021-11-09,0.8188207798867411,15.658847222213042,6.399724124173295,17.692413271249542
2021-11-10,2.346373391305411,16.455187099841048,5.9424117378228765,16.419431266631765
2021-11-11,3.8474462238995617,15.49147323338673,4.557089955523932,14.871303914131701
2021-11-12,4.962891069481574,15.333299593052832,4.399824784135381,15.627658748208821
2021-11-13,4.818613389244555,16.35397827728335,6.286121044462612,15.749374665776088
2021-11-14,2.883197440998991,16.89261681245807,6.09618840051291,15.784190164134637
2021-11-15,2.3282416889599764,16.77101981720349,6.077968920716368,14.848836622478304
2021-11-16,3.1909986541153863,17.5062808618672,6.486313892939937,14.88289797767019
2021-11-17,3.508744810245293,19.52930424944612,6.628950672315308,14.345416900504661
2021-11-18,3.8720250198140356,21.11263136287931,6.501395537219919,15.043891132986959
2021-11-19,2.6420028730833245,19.906282617922386,7.244800134441525,14.6407788826587
2021-11-20,2.45194597803123,20.260219727150357,6.792671749165538,13.668467649619256
2021-11-21,2.392425358169939,19.903568788204336,8.228259167527762,13.749432760696749
2021-11-22,1.4254440040539536,18.852355398085557,7.425341208446292,14.977203733070633
2021-11-23,0.40039052408838294,21.49819592941327,7.741708826559432,16.419980369699477
2021-11-24,0.33732843808578833,20.707416430148772,8.405165739893532,16.294142828026178
2021-11-25,-2.9261514685628995,20.906555255334894,8.601604989815083,17.471567773892495
2021-11-26,-2.2257653571364946,23.019918282546346,8.565130194233634,15.727175389011814
2021-11-27,-4.046272327824194,23.722482213455052,8.151379875544697,14.50918328958039
2021-11-28,-3.0793061549992746,23.231234347471272,8.759366899772813,16.185647897105813
2021-11-29,-2.9912971776292845,21.81237032224254,7.975298598837698,17.906985131556997
2021-11-30,-4.090160108603706,21.75615007495489,6.902362208582622,18.677635210743293
2021-12-01,-5.143224083420255,22.17678011160699,7.437140756971491,17.373294879003222
2021-12-02,-5.684348137490695,20.201463624385234,6.374227883392974,18.167364720218295
2021-12-03,-5.3023072095437085,20.90153920623992,6.914419484614531,17.466438768821543
2021-12-04,-5.859793846271884,20.624153152360126,7.788250387358147,18.242857231987006
2021-12-05,-5.848012736957689,20.664032843601436,6.3192683520288675,16.20943216874571
2021-12-06,-5.371474906711726,22.104626463073235,5.967254530690234,14.391890693853156
2021-12-07,-7.312934392411444,21.791246972739895,5.75533215046264,14.50052772121182
2021-12-08,-7.800702712280338,20.13525401023734,5.916909179912817,15.768627936584268
2021-12-09,-8.088475787719476,19.382064310219985,6.548350159164311,15.89789399269351
2021-12-10,-7.395293835126078,18.112690841025877,7.541713762770299,16.65054320593175
2021-12-11,-5.413224284860818,17.88611244866265,6.737027862052471,17.09846227703041
2021-12-12,-6.265999700203115,18.11142485574573,6.702380279316945,18.192214526085714
2021-12-13,-7.803609641529032,18.98392465606473,6.888407725163472,18.646046193955186
2021-12-14,-6.958608985178541,19.9806936275407,6.391229178406568,17.60185760074719
2021-12-15,-7.658458867811601,19.1142954441877,6.6008495273877035,16.405796551469574
2021-12-16,-7.183313800346996,19.58198230407944,9.254930222798832,17.12004135039923
2021-12-17,-7.513497267641324,18.912711217134568,11.206667243965676,17.513422221232993
2021-12-18,-7.520492499793007,18.14989697870001,11.007526948443116,18.16422033042262
2021-12-19,-9.660292462488833,17.76779781795925,12.46534332206337,18.052984300111827
2021-12-20,-10.735446827997658,18.018673316305033,11.656161388638342,19.27527254306421
2021-12-21,-11.416609899707435,18.984491484146574,10.968519776552624,20.577357299294945
2021-12-22,-11.1053038699798,17.61078314645152,10.034922181584983,20.42214802000813
2021-12-23,-10.899101065354182,16.602192335166926,11.405957296721905,20.770626666422874
2021-12-24,-13.478652258834494,16.158836725727024,11.790514708750612,22.11267938816048
2021-12-25,-12.47121585891192,15.475519917988422,13.990688327036086,21.513315589358747
2021-12-26,-10.654916137751703,15.07079256080367,14.825168672477858,21.606732331053596
2021-12-27,-9.47759977502678,15.110645128276275,15.854222281483944,21.967003969885646
2021-12-28,-10.25071750575578,15.294450103083458,15.882547903006737,22.819659614399843
2021-12-29,-7.91615717085555,16.93088729491451,15.310122542914806,21.44376332044733
2021-12-30,-9.97039171909807,17.350613972360403,16.424869135311184,23.372945855506753
2021-12-31,-9.6635500412653,18.470205948971522,15.85982108056063,22.662051816795397
2022-01-01,-9.982538236399686,16.98587375040574,17.31357448703535,23.354651917362016
2022-01-02,-9.954535340644165,17.650399011447213,17.482741332382425,23.35089745780552
2022-01-03,-9.73872096476786,19.44427239626188,15.839945866585245,22.80103358775945
2022-01-04,-11.01636651604347,18.475029222763464,17.41975553644647,23.44631167469833
2022-01-05,-11.937269695715777,17.978457076798506,17.145262544627425,22.630829489812857
2022-01-06,-12.614500151932928,19.223491220434724,17.012596151951453,22.49337800481515
2022-01-07,-14.429823415741827,20.429502684263642,15.739163495976538,19.839916753233197
2022-01-08,-14.216315340791665,20.06692996101639,16.898599919078666,19.493510100225542
2022-01-09,-12.25975801515682,18.525790567382035,17.125645805915877,20.09466199925508
2022-01-10,-11.985973865721794,19.415287995180776,15.906462895808502,17.992745088572814
2022-01-11,-12.303294933124729,19.582369529544163,15.024160024372806,16.775242213871675
2022-01-12,-11.640093588707689,18.494150515415374,16.581785541408777,15.216293108003166
2022-01-13,-11.071405418305405,18.737950097875107,18.39087523264802,15.689487430577103
2022-01-14,-12.225967652216232,18.595571814597037,18.257509108053256,14.31653855703479
2022-01-15,-12.460287354742134,19.465250437228587,17.104103434342047,14.707360120022996
2022-01-16,-12.539031000337092,19.9353429656457,17.871521857577605,14.249961113174725
2022-01-17,-12.612768577274,18.822590400099845,18.215207253606373,15.426717325231174
2022-01-18,-13.839768926759612,19.863794863755903,19.881323849681962,14.275604731561945
2022-01-19,-13.969739664200599,20.02288275148258,20.20024676573624,15.597631562963294
2022-01-20,-12.392146783584398,18.53388360480119,20.033142262262118,15.75545274989375
2022-01-21,-12.27383886254693,18.824163138047794,20.241753002780797,16.15709630207929
2022-01-22,-13.1651241806057,19.90521690948623,19.23913786146023,16.447471871703687
2022-01-23,-13.657135047183418,20.02528993787618,19.261363410682172,16.498333430939372
2022-01-24,-13.977288278927716,20.033031348511248,20.311626905611813,16.529814294754924
2022-01-25,-14.914606660140524,20.932106559724556,20.50510197606765,16.48833396196218
2022-01-26,-15.337560026953993,22.396854475079003,21.949188806853392,16.971035418585295
2022-01-27,-15.441387966116382,21.883727751987568,21.821703287947177,16.19541627205475
2022-01-28,-15.716726292770401,20.791183433105132,21.141907554252313,15.216333523203204
2022-01-29,-13.681574857917864,21.15501684707751,20.713488628047962,15.805726999589226
2022-01-30,-14.76346815080605,20.350369746428886,19.737125627673727,16.371129057215597
2022-01-31,-13.411363414657757,21.594269715854274,19.72029361580804,15.240160181026857
2022-02-01,-14.236426344490582,20.531819675282296,21.134696126068402,15.373003553335101
2022-02-02,-15.008359774184278,20.437618256963958,21.903221700550866,15.586886627713803
2022-02-03,-14.37375288441904,20.57575348446849,21.933687068907357,14.428024927914771
2022-02-04,-14.075290974087194,21.269845193220903,22.03104149447798,12.811831522744363
2022-02-05,-14.407871836302917,21.895110235170264,23.226213145755192,14.959366696883137
2022-02-06,-12.91982219150091,20.161188476763012,22.38435713116013,13.4258847377612
2022-02-07,-14.235845141302914,18.800799514303446,23.297499716198377,13.083030596198691
2022-02-08,-13.563790205592886,19.303054808548183,23.401956122447892,12.737687723701315
2022-02-09,-13.002699812621344,19.762623770191798,22.434691767860468,14.495449306541664
2022-02-10,-14.593437762128824,19.80726614764335,24.785263458724234,14.939882388166348
2022-02-11,-13.710340459629151,18.33621458188795,23.869084977468056,14.022080035678032
2022-02-12,-15.214446405631016,20.252369996495652,23.417467330243507,12.286735199479043
2022-02-13,-16.906616501028484,20.664480060581685,22.76462244039139,11.985854022023476
2022-02-14,-17.084845314059187,20.420413684415763,22.253088375872185,11.637917402484204
2022-02-15,-16.2835727726436,19.607880115422667,21.04756965634757,10.844479630720574
2022-02-16,-16.083506336007268,19.946583353863,19.647105458030126,9.138887455103703
2022-02-17,-15.599867654627454,18.987453794659853,19.45959597371171,7.006677402690485
2022-02-18,-14.262897986493682,18.755960702862215,20.126205658902187,7.537873963503303
2022-02-19,-15.325832575703625,19.149823633718096,20.28349802488385,6.682788444409112
2022-02-20,-15.462610405301747,19.971032586369297,21.5880928214855,6.383937462196254
2022-02-21,-16.12371341200555,20.69274053822453,20.670734161590303,6.774236935857341
2022-02-22,-18.630530024642223,21.75434064458394,21.301462028712457,5.942957075026353
2022-02-23,-18.98610617686559,22.16898414817796,20.510717586615012,6.189942856397183
2022-02-24,-18.485912270665764,21.011244104421706,21.031167709772692,7.8829329948865094
2022-02-25,-17.91566925160039,22.058116148006768,21.846718471661365,8.139927664996986
2022-02-26,-16.893632610708206,21.560051496122508,22.769901394028334,8.71986366790132
2022-02-27,-15.600677792157514,21.992250271857902,22.444563161293836,7.807221155106265
2022-02-28,-15.539520485904646,22.51254695157132,22.914228707127446,8.566458645987025
2022-03-01,-16.348746852474008,21.883747976630787,22.19677266783754,8.47031676284083
2022-03-02,-16.922468890574947,23.989397576392445,23.08124628688538,6.2789777664530515
2022-03-03,-17.05603944097081,23.947897359178423,22.120338762820094,5.706639066226435
2022-03-04,-16.389306229726863,21.776802552162664,21.170379552921393,7.022270246864455
2022-03-05,-16.37318705830524,19.57857644384572,19.385779090767194,5.523778975259699
2022-03-06,-16.370044890803808,18.48876146184797,21.257256608641697,6.5276986109800905
2022-03-07,-17.130379175275213,17.962538978744536,22.47831559668943,6.457337398017692
2022-03-08,-17.960260361655802,19.28563518053074,22.856475102986106,5.347677994532058
2022-03-09,-18.862677896077674,17.027418858281816,23.628071295126073,5.294145782653458
2022-03-10,-19.45729393033019,17.678459782726502,23.621816375355003,4.299101429997409
2022-03-11,-19.568373073455895,18.774932473193576,25.713012458318865,2.9929293762005393
2022-03-12,-19.369076442575082,20.31295053125192,25.46282408971702,2.742393853332137
2022-03-13,-20.417125683554264,19.703256598497987,24.342955576055054,2.9541975110721346
2022-03-14,-21.539500159251197,19.707049318470474,22.329318011260366,1.1036668135858647
2022-03-15,-21.487919461483404,20.319126966814054,22.48912354558682,0.755402732734487
2022-03-16,-21.015337769396446,19.666714165606635,24.785345376772412,0.2780179083783239
2022-03-17,-22.68934175835236,21.104872784691178,24.782986999091413,0.7527594751282314
2022-03-18,-21.853876950430035,20.67352094690959,24.284909280169625,0.44727307168041874
2022-03-19,-22.09335601739491,22.493123530986583,22.61326345183599,-0.3684619664553228
2022-03-20,-21.167715123123433,23.361738467380853,20.97400998549292,-1.4431260802132322
2022-03-21,-22.066378394403884,24.09741710304729,20.769492113204674,-2.7738813967938523
2022-03-22,-21.217160583553245,23.391127525765427,19.089455653319988,-2.431580532420047
2022-03-23,-22.3595013772165,22.48898440806478,18.06609210712046,-3.9475430056076135
2022-03-24,-21.480633014157686,22.421222754018526,19.673676633752084,-6.176013823789743
2022-03-25,-21.70582967825267,20.26651952193348,19.52346751628482,-5.975982800572975
2022-03-26,-21.248292004576037,21.47401226738622,20.64855221276833,-7.033037233198721
2022-03-27,-20.828996969735005,21.036477121604594,20.407474830293623,-7.498994221245564
2022-03-28,-20.060120187357054,19.795029827599333,19.409650363838523,-6.974790436955047
2022-03-29,-20.64035079464202,19.087061023952455,19.021802013162993,-5.970946016134787
2022-03-30,-21.98166814170306,20.399401320753547,18.45876923625957,-5.403550938391011
2022-03-31,-21.243292363494003,21.32192811670878,18.808256714093446,-4.536432261621923
2022-04-01,-21.27830781653869,22.843221878536813,16.613917345899303,-4.397286901746279
2022-04-02,-20.695781303800107,22.367400967714584,16.890591977300453,-4.359653413380095
2022-04-03,-20.62876005027201,22.430197563642437,15.462399040811263,-3.9277569954869134
2022-04-04,-21.968705977255716,23.686313813738057,18.599881960099,-5.0716468308607965
2022-04-05,-21.979342474949895,23.959513311533104,19.494573951651475,-4.37128761502478
2022-04-06,-20.828427101522472,24.600099214553754,19.672904823477936,-4.812828255204419
2022-04-07,-20.29696976422818,26.070714661259974,20.148102682720005,-5.645599929302165
2022-04-08,-20.956177984579906,26.48931808177958,21.14089177357267,-4.493239055403498
2022-04-09,-19.723401452811515,26.087423903497534,22.33858227869587,-3.1465807488501
2022-04-10,-18.163764221755635,27.23416767510283,20.95590798837846,-2.7586038195284814
2022-04-11,-17.952363732218817,28.925734901657464,22.947627748667255,-3.2704061044433193
2022-04-12,-17.745650610831333,29.86912484936228,22.31193350587826,-4.1184168564935675
2022-04-13,-18.02110969138338,29.640434976648898,22.630410039261456,-2.9082636466163985
2022-04-14,-15.838766356459978,30.32301070021068,22.367561307179486,-1.0766935150778492
2022-04-15,-15.375552690884524,30.200207541828078,21.728455087834927,-2.007488186039398
2022-04-16,-16.707557790260005,30.08248864458361,20.31188818672805,-0.3210948833742584
2022-04-17,-17.520473324309506,31.90037284531485,21.040084432583363,-0.2955436884554348
2022-04-18,-20.097119477971958,31.81516677559618,19.745716551740077,-0.47975827468935406
2022-04-19,-19.20800056944502,30.307718066175873,18.681489487389694,-1.6621432852289322
2022-04-20,-19.80656841647021,30.320356894218833,17.002375837495496,-0.3204133636041091
2022-04-21,-18.96753488731858,28.918360553129176,16.954097745845615,-0.882212006097056
2022-04-22,-19.411875422628768,30.21675645422618,15.676088347107601,-1.0377052528778241
2022-04-23,-19.737689425384193,29.887386225652673,16.143631340075707,-0.40122482404693727
2022-04-24,-18.50411319802452,31.508432848449438,16.54306373241338,0.28355483191094333
2022-04-25,-17.32982270416617,31.849184461059753,18.15016141670709,0.08912993968029675
2022-04-26,-18.34110412506884,32.313266218995174,17.589067217569898,-1.6357450019865492
2022-04-27,-17.280182642323535,32.77451027508351,17.03897706953476,-1.8993579980235555
2022-04-28,-17.359448855778705,35.59400485105407,16.76775006094911,-0.5960843610796982
2022-04-29,-17.830550124942718,34.29359961392482,17.076697410524734,-0.03298657063955601
2022-04-30,-17.260607640803265,34.91744539421437,17.687987982795164,-1.0946447979927008
2022-05-01,-16.710087539852307,34.15041860748487,17.56727314611569,-0.8738006373418904
2022-05-02,-16.48619109286903,31.798190036138532,17.864047264274042,1.3670590760074477
2022-05-03,-17.34967717723624,30.803361307636816,16.81414762394952,1.9452119271505226
2022-05-04,-18.166948375485063,31.95264439086556,16.73533012060387,1.779155287190286
2022-05-05,-18.09792355699144,32.829494995059385,17.908169068094335,2.1650800783718442
2022-05-06,-17.53088647276999,32.91358185610189,19.11193344313875,1.4307282069338279
2022-05-07,-18.789136939885328,32.24919593403479,17.07700388544056,1.4219747726871446
2022-05-08,-18.46874144696621,32.28565178853281,18.909302368473615,1.7494930258087802
2022-05-09,-18.495559040534975,32.48060478622176,17.879884647434324,0.19079146271613845
2022-05-10,-17.40628499632262,32.48456020753153,17.45031120160206,1.1974672871070098
2022-05-11,-17.701036997262577,32.388503511968366,17.830264418112815,1.671896408653064
2022-05-12,-19.050672460350274,29.902706629630956,17.04817580390744,2.667942852063779
2022-05-13,-18.80222800288458,30.359955938410188,17.776032290835268,2.6559711576716105
2022-05-14,-17.56169853767848,28.681834821659503,19.620835859264783,2.9037183809939453
2022-05-15,-17.47866656155139,26.73323140373183,18.834025399536188,1.707160476935531
2022-05-16,-16.154682363083367,25.38128489999619,17.912176349710858,2.3966137119957422
2022-05-17,-18.062787557488665,27.61999401223288,18.904233529347458,2.465796126243227
2022-05-18,-16.485135157210376,27.227041409327512,19.06948013912746,1.9888266835413437
2022-05-19,-17.231191434281843,25.542295076940437,18.96906132451487,2.484858269782917
2022-05-20,-16.127967096678006,27.791450703350968,18.49497057335762,2.6077694596335226
2022-05-21,-15.330716843092164,28.70685024058515,19.144088264812577,4.040669628874787
2022-05-22,-14.966551071818229,28.108130961464582,19.27627784006207,3.528094635662427
2022-05-23,-13.473441583283075,27.120876639692494,20.058230264451332,3.2850104268822333
2022-05-24,-12.307793209460762,28.620543459991087,19.072689681748372,4.214630925995283
2022-05-25,-11.842294938884688,27.551308718765267,19.521533761302514,3.4206670883784396
2022-05-26,-12.151006991143129,26.581029076704944,21.069882598244558,4.0198669888522
2022-05-27,-11.74847887121587,25.652412582995808,20.11134999650535,3.715655407959621
2022-05-28,-11.192161612136122,24.68367472810669,20.75482792936886,3.9281554932140788
2022-05-29,-9.450708143505949,24.156332257197256,20.597234857412168,2.907520719024413
2022-05-30,-10.737624389904992,22.378152988306617,19.697651848467356,3.4007521522527906
2022-05-31,-9.696712988221993,21.537100198662436,19.408077803506842,2.801853041971568
2022-06-01,-9.30420523056897,21.95738900229274,21.093457400477146,4.121046823754169
2022-06-02,-10.328573343420254,22.437471556323246,20.95060883524422,3.7216422327032466
2022-06-03,-10.520616756169533,22.58624030942628,20.75790544276602,4.9894056073891315
2022-06-04,-10.558828364581457,23.707978191319924,20.595229215514166,3.5608253921959268
2022-06-05,-10.315782102595529,22.426390280203623,20.303559646855465,3.2632965893094203
2022-06-06,-11.993101698460778,24.129821761900278,19.954051775288434,3.7712310619025335
2022-06-07,-13.5286223011486,23.6051524966661,19.897075328902037,4.789882493730758
2022-06-08,-14.815495107902317,22.85543142322113,18.719617455692802,6.5442968338244665
2022-06-09,-15.17739679727523,21.693595737484785,19.034100044790726,5.7080088143906025
2022-06-10,-14.63263055570084,21.64519575954966,20.036735358604364,6.788315406306832
2022-06-11,-13.924446117683415,20.755889954510433,21.100401252486517,6.0223707815857965
2022-06-12,-14.698985501551965,19.927656737450185,20.63992373334859,8.028682939506789
2022-06-13,-14.362518101443966,19.4008887869449,20.259390174305175,7.744536626277734
2022-06-14,-13.920793119649577,17.799343288350943,21.454366554978247,8.413747319138842
2022-06-15,-12.871917443363035,19.61026364103301,23.304726546103623,6.891065733789106
2022-06-16,-11.853235385967839,20.01888544745555,23.402680086618766,6.36304278418374
2022-06-17,-13.233071354712006,16.894621955909347,24.270850834756057,5.450735868271892
2022-06-18,-12.749155477931147,16.882879055424723,23.96922835010236,6.545343332083014
2022-06-19,-12.562648859601941,14.820361391505578,24.227657624960507,7.403134947728167
2022-06-20,-11.583160075295991,14.59231381801668,23.962448474529484,8.027992371801918
2022-06-21,-11.961700876662961,14.945032736899838,25.586160906814253,8.331671722390697
2022-06-22,-12.605456806695905,15.120639308891137,24.51553224263431,7.718344388267565
2022-06-23,-10.909833248519153,15.759687156793895,22.952805916261735,6.116074460098881
2022-06-24,-11.460958031773131,14.998026142382075,24.034785110622817,7.314903664368976
2022-06-25,-11.893544570239792,15.911484141208977,24.05288398168941,5.174499568758449
2022-06-26,-11.46040437448115,15.97367245396372,23.955948643292167,7.220883925491194
2022-06-27,-10.336078937736296,16.593979618724017,22.99511801801182,8.307219507540937
2022-06-28,-8.947393569031991,16.376414561198303,22.065147583400133,8.871379190698768
2022-06-29,-9.386243912997026,15.700287350837552,22.03714255910163,9.764009419941432
2022-06-30,-8.599656548214883,15.984303248634737,21.481268462880326,9.499581696197295
2022-07-01,-10.29482172356616,16.098344472264998,21.79602166192736,10.020466692584566
2022-07-02,-9.654731981212576,16.18214966665213,19.518066169657533,9.25977650175247
2022-07-03,-9.944010156886527,14.885845147031182,20.019806897529364,9.450697762859974
2022-07-04,-10.852321467893056,15.564247987643538,21.428911793503097,10.234642859789258
2022-07-05,-11.101131846982316,16.4302588736636,22.761889790676186,10.01218527320602
2022-07-06,-12.017128278789704,16.409824204832923,21.727560787307674,9.87719488464754
2022-07-07,-12.439338427278859,15.706022801779866,22.35621363302343,9.468280052884108
2022-07-08,-12.613061614357846,15.45259331060258,21.407858437186746,8.385441985614843
2022-07-09,-12.859119589559945,14.161625103769664,21.778654195996815,7.027738748538301
2022-07-10,-12.065257920411508,14.06352698255814,20.322686746262825,7.043485727769051
2022-07-11,-12.216600822495728,15.277679073749804,20.686314519658612,4.29511876617897
2022-07-12,-10.731081735159773,15.548048644221494,21.583862819931586,3.1068780825748865
2022-07-13,-9.971593355419753,15.376882964934307,23.273127066203227,4.286921017650062
2022-07-14,-10.040214486196032,14.021595802340206,24.200911133027443,5.041561511231512
2022-07-15,-9.969517514357937,14.182933433569051,23.259447969484132,6.842755760100738
2022-07-16,-9.101572641525395,13.87947488256634,21.88370868132403,7.1487576385151606
2022-07-17,-10.002651655220214,14.573790132462033,21.13010118658115,7.847409736109962
2022-07-18,-11.030796235286711,17.52525556893947,20.545462845464314,8.98252094650933
2022-07-19,-11.051017175048274,18.87476067206121,21.673878258797423,9.363331835980793
2022-07-20,-11.286060209979388,17.24101757680323,23.071717371323178,9.808439733940329
2022-07-21,-10.7991689375749,18.048135790143085,21.61603509594966,9.496848992528905
2022-07-22,-10.352269994411417,18.689513933524132,21.51464470663578,9.45751922323376
2022-07-23,-10.076979960428625,19.02100273326465,20.882074881971175,9.899000732072635
2022-07-24,-10.561990998483243,17.383735877028048,17.821900725267874,10.381305039342239
2022-07-25,-11.620498670894797,17.56349414401764,17.888424248658346,9.700053734377555
2022-07-26,-9.522791201716762,16.349670139454556,17.721564425829772,9.425205432620617
2022-07-27,-9.069286183012771,15.63339841464353,15.736092372246892,9.37608481468735
2022-07-28,-8.009033473284417,13.12756802392198,17.40523459500928,9.947125235952184
2022-07-29,-8.638602788339295,12.493289377002558,14.810218138522803,11.262721833549765
2022-07-30,-8.771186325247369,12.207845066269266,14.087964625632136,12.078424214330468
2022-07-31,-8.855222619842102,13.014369253364265,13.96914606591883,11.030039752633511
2022-08-01,-8.318219830144976,12.116065307708357,12.231980657566679,12.199222733985044
2022-08-02,-10.470350067022139,12.218117350163112,12.830256021882498,13.697629202881695
2022-08-03,-10.05821535752429,11.885685670520228,13.92184343118205,13.568548128836701
2022-08-04,-9.095438308821995,12.122314032060235,14.05151398362623,15.488873071878432
2022-08-05,-9.356369594049266,11.061510474970797,14.801119648951797,16.321092718696878
2022-08-06,-9.199971811916786,10.774037939522325,15.09042301058071,15.361219629204868
2022-08-07,-9.08182183284818,12.520937985686594,15.208073982781855,17.25128171358989
2022-08-08,-8.830399377735615,12.487033923451555,15.306816258591702,18.944979859150926
2022-08-09,-7.736644878509431,11.416339684889271,13.369824928953253,19.40488218221346
2022-08-10,-8.816567797995619,10.862422222028172,13.173599875453833,20.707146321089375
2022-08-11,-8.785822608193227,9.932179865352156,12.3498108296735,20.845553661472202
2022-08-12,-9.758895708854684,10.496539671510737,12.201858828602731,22.832097414270184
2022-08-13,-9.796791852671488,10.099370130181743,11.094692956177425,22.25844833191482
2022-08-14,-11.346697688039018,7.491450731634794,11.359171137658324,20.909930386866836
2022-08-15,-11.308264100161846,6.507768972010358,13.503584228366707,19.857184678817134
2022-08-16,-11.802754381689386,6.924972445937194,14.233262174762304,20.831622032224715
2022-08-17,-11.199197588342864,7.281836126901967,13.771463969190702,20.873930583613827
2022-08-18,-11.047273894753108,8.164154876257262,14.382304904493258,20.837967418744157
2022-08-19,-12.283138085012835,8.94239135323009,14.747770765779167,20.375761117143675
2022-08-20,-12.202096681721038,8.27709447868932,14.353093701179672,22.461615410410232
2022-08-21,-12.251706459699944,9.243725355067847,14.550550294833704,23.11526630653355
2022-08-22,-12.334710070732209,9.510679091994781,16.64493045019469,22.894017587845784
2022-08-23,-13.392912234663521,9.40891778479677,17.835224777132375,22.846018465301295
2022-08-24,-12.451436530432824,9.652929416496589,17.001313050480153,23.97813187638673
2022-08-25,-13.821350764170262,9.533131916583068,15.910854265846783,22.308382003009314
2022-08-26,-14.437591577411167,7.787933666824736,17.333230451276588,21.40182054445276
2022-08-27,-13.762360936222064,8.097592050002602,18.62265695736075,19.516252804637574
2022-08-28,-13.783627807780972,7.423999168064455,18.31321479780475,20.504747567114173
2022-08-29,-13.048091706098292,8.168885915742505,18.12871751130996,20.297425366561473
2022-08-30,-12.703449939722155,8.493861753623218,18.001002621885267,20.62575974521112
2022-08-31,-14.065183232035679,8.20447446792055,17.287026830065855,21.42635057671205
2022-09-01,-15.850633600098314,7.8841834326783715,19.21956315687418,22.504124642772364
2022-09-02,-15.525620078357719,7.10564089961779,20.240009442300657,22.150894921555388
2022-09-03,-14.740696560014275,6.806735142335269,17.860460204698573,20.770060253023864
2022-09-04,-14.235887507973244,6.233098512950197,18.406104941942562,21.340935456266088
2022-09-05,-15.58568612270103,7.509419890136026,18.50181338759362,21.184812546570278
2022-09-06,-15.544956178409516,7.559399241791141,18.923956758807478,21.201986779357892
2022-09-07,-15.192278500372053,7.283861876122067,20.03333868708106,21.760543849832462
2022-09-08,-15.007294538306063,6.693409652557863,19.732926757519735,20.882413147799603
2022-09-09,-16.120106829163646,6.52367097967957,19.945218502298733,20.830584598886805
2022-09-10,-15.582559327571726,7.080208718317936,19.109191430326987,19.974119948303468
2022-09-11,-16.989907777360074,9.17982245150549,19.978753514514178,19.139695068199956
2022-09-12,-18.06485035054655,9.833885435133098,21.38789182695409,18.389312436367938
2022-09-13,-16.965025953996857,8.16864442787944,20.911221482802162,18.747509624865852
2022-09-14,-16.47147085387126,7.5224120028970365,20.72809769863043,18.096597445550128
2022-09-15,-18.112164358084154,6.5161334945159926,20.968630808259316,16.85557709271554
2022-09-16,-17.61320062987814,5.083784605405321,21.944562433559227,15.998115824219147
2022-09-17,-18.077941038815865,3.8125461768963365,23.570952840834813,14.903346191440999
2022-09-18,-17.292270265094896,3.078789211215786,24.93850598057332,13.055047121507966
2022-09-19,-18.56531940527656,4.04331579256963,25.141808587970495,14.130397227850965
2022-09-20,-18.762088159684147,1.8912819760459434,25.91079662850802,12.93142016685256
2022-09-21,-19.138997416463535,0.6250932815981809,25.828288774901214,13.57894454152517
2022-09-22,-18.89940861145923,0.49177181492277033,26.284700209633378,13.149420049950002
2022-09-23,-19.555895745602292,0.24836284436565542,27.51182987105047,13.849265411141158
2022-09-24,-19.35033162787225,0.19241956753391748,29.13847944392915,15.048822644891764
2022-09-25,-19.736381567278993,-0.4709525109143811,28.61896109068096,13.586940638391148
2022-09-26,-19.981952360250443,0.26328383782291026,26.948890647045687,14.84431903055186
